{"cameraMode":{"drawMode":0,"name":"Shaded","section":"Shading Mode"},"sceneLighting":false,"audioPlay":false,"sceneViewState":{"showFog":true,"showMaterialUpdate":false,"showSkybox":true,"showFlares":true,"showImageEffects":true,"showParticleSystems":true},"in2DMode":false,"pivot":{"x":-0.03999948501586914,"y":0.7108369469642639,"z":0.0039997100830078129},"rotation":{"x":0.5589643716812134,"y":0.36342406272888186,"z":-0.29721423983573916,"w":0.6834805011749268},"size":21.24373435974121,"orthographic":false}